,PSC_log10_median,PSC_log10_std,PSC_log10_min,PSC_log10_max
pl_cCA,1.0893751608160998,0.827294984831427,-1.2006594505464183,2.8486942679479896
pl_cCDCA,1.0534050023679196,0.5900545240283721,-0.4225082001627747,2.354797766658231
pl_cSBA,0.3616334139100563,0.8815133775342079,-1.8027194418743806,1.897118283992865
pl_uCA,-0.8027194418743807,0.6153422165997139,-1.8027194418743806,1.525660161564357
pl_uCDCA,-0.5474469367710747,0.6806445659369605,-1.8027194418743806,1.6679849878484074
pl_uSBA,-0.3555614105321615,0.8526026905552334,-1.8027194418743806,1.2871856695650172
